Ref,Val,Package,PosX,PosY,Rot,Side
"C308","100n","C_0603_1608Metric",142.150000,-85.850000,180.000000,bottom
"C309","4.7u","C_0603_1608Metric",141.700000,-92.825000,-90.000000,bottom
"C310","100n","C_0603_1608Metric",143.400000,-92.825000,-90.000000,bottom
"C311","100n","C_0603_1608Metric",151.200000,-92.875000,-90.000000,bottom
"C312","100n","C_0603_1608Metric",152.750000,-84.900000,0.000000,bottom
"C313","4.7u","C_0603_1608Metric",142.150000,-89.950000,180.000000,bottom
"C314","100n","C_0603_1608Metric",152.750000,-89.750000,0.000000,bottom
"C315","4.7u","C_0603_1608Metric",146.800000,-92.850000,-90.000000,bottom
"C316","100n","C_0603_1608Metric",144.200000,-82.350000,90.000000,bottom
"C317","100n","C_0603_1608Metric",145.100000,-92.850000,-90.000000,bottom
"C318","100n","C_0603_1608Metric",149.750000,-82.350000,90.000000,bottom
"C319","100n","C_0603_1608Metric",152.750000,-86.550000,0.000000,bottom
"C320","100n","C_0603_1608Metric",148.500000,-92.850000,-90.000000,bottom
"C321","100n","C_0603_1608Metric",142.150000,-88.350000,180.000000,bottom
"C405","100n","C_0603_1608Metric",99.099998,-152.134999,90.000000,bottom
"C406","100n","C_0603_1608Metric",99.999999,-158.259998,180.000000,bottom
"C407","100n","C_0603_1608Metric",104.649997,-159.059998,-90.000000,bottom
"C408","100n","C_0603_1608Metric",106.949999,-158.310000,0.000000,bottom
"C409","100n","C_0603_1608Metric",100.699999,-152.110000,90.000000,bottom
"C410","100n","C_0603_1608Metric",102.449998,-152.134998,90.000000,bottom
"C411","4.7u","C_0603_1608Metric",106.925000,-156.609997,0.000000,bottom
"C412","4.7u","C_0603_1608Metric",103.999996,-152.134998,90.000000,bottom
"C711","100n","C_0603_1608Metric",107.460000,-113.890000,90.000000,bottom
"C712","100n","C_0603_1608Metric",110.840000,-114.230000,-90.000000,bottom
"C713","100n","C_0603_1608Metric",109.370000,-126.130000,180.000000,bottom
"C714","100n","C_0603_1608Metric",104.430000,-125.110000,-90.000000,bottom
"C715","100n","C_0603_1608Metric",99.240000,-117.440000,180.000000,bottom
"C716","100n","C_0603_1608Metric",99.720000,-120.520000,180.000000,bottom
"C717","100n","C_0603_1608Metric",102.670000,-113.560000,90.000000,bottom
"C718","100n","C_0603_1608Metric",101.070000,-113.560000,90.000000,bottom
"C719","10u","C_0805_2012Metric",102.330000,-124.450000,-90.000000,bottom
"C720","10u","C_0805_2012Metric",98.200000,-112.364999,-90.000000,bottom
"C721","100n","C_0603_1608Metric",104.130000,-116.685000,90.000000,bottom
"C722","100n","C_0603_1608Metric",106.000000,-122.665000,-90.000000,bottom
"C723","100n","C_0603_1608Metric",101.340000,-118.960000,180.000000,bottom
"C724","100n","C_0603_1608Metric",101.350000,-115.910000,180.000000,bottom
"C725","100n","C_0603_1608Metric",109.330000,-119.190000,90.000000,bottom
"C726","100n","C_0603_1608Metric",110.900000,-117.730000,90.000000,bottom
"C727","100n","C_0603_1608Metric",105.670000,-116.685000,90.000000,bottom
"C728","100n","C_0603_1608Metric",107.560000,-122.660000,-90.000000,bottom
"C729","10u","C_0805_2012Metric",105.020000,-112.010000,-90.000000,bottom
"C730","10u","C_0805_2012Metric",110.840000,-122.960000,180.000000,bottom
"R203","56k2","R_0603_1608Metric",114.790000,-113.640000,0.000000,bottom
"R204","56k2","R_0603_1608Metric",122.910000,-113.630000,180.000000,bottom
"R205","56k2","R_0603_1608Metric",114.800000,-116.160000,0.000000,bottom
"R206","10k","R_0603_1608Metric",114.770000,-118.710000,0.000000,bottom
"R207","56k2","R_0603_1608Metric",122.910000,-118.760000,180.000000,bottom
"R407","0","R_0603_1608Metric",104.648000,-137.668000,90.000000,bottom
"R409","0","R_0603_1608Metric",102.108000,-137.668000,90.000000,bottom
"R411","0","R_0603_1608Metric",99.550000,-137.668000,90.000000,bottom
"R413","0","R_0603_1608Metric",97.028000,-137.668000,90.000000,bottom
"R415","0","R_0603_1608Metric",94.234000,-137.668000,90.000000,bottom
"R416","0","R_0603_1608Metric",85.598000,-127.635000,0.000000,bottom
"R418","0","R_0603_1608Metric",85.598000,-125.095000,0.000000,bottom
"R420","0","R_0603_1608Metric",85.598000,-122.555000,0.000000,bottom
"R422","0","R_0603_1608Metric",85.598000,-120.015000,0.000000,bottom
"C201","4p","C_0603_1608Metric",122.870001,-149.560000,180.000000,top
"C202","4p","C_0603_1608Metric",119.795001,-149.559999,0.000000,top
"C203","100n","C_0603_1608Metric",118.570001,-146.259999,-90.000000,top
"C204","100n","C_0603_1608Metric",159.900000,-102.270000,90.000000,top
"C205","100n","C_0603_1608Metric",122.845001,-140.614198,180.000000,top
"C206","100n","C_0603_1608Metric",137.745000,-109.400000,180.000000,top
"C207","100n","C_0603_1608Metric",137.585000,-121.455000,180.000000,top
"C208","100n","C_0603_1608Metric",140.975000,-109.400000,180.000000,top
"C209","100n","C_0603_1608Metric",140.955000,-121.445000,180.000000,top
"C210","10u","C_0805_2012Metric",146.372600,-139.080100,0.000000,top
"C211","10u","C_0805_2012Metric",146.372600,-141.120100,0.000000,top
"C212","100n","C_0603_1608Metric",146.392600,-142.900100,0.000000,top
"C301","100n","C_0603_1608Metric",128.085000,-96.170000,-90.000000,top
"C302","100n","C_0603_1608Metric",134.745000,-77.465000,180.000000,top
"C303","100n","C_0603_1608Metric",129.015000,-93.329999,0.000000,top
"C304","100n","C_0603_1608Metric",137.655000,-78.475000,-90.000000,top
"C305","10p","C_0603_1608Metric",152.680406,-93.905406,180.000000,top
"C306","10p","C_0603_1608Metric",155.774302,-93.885215,0.000000,top
"C307","100n","C_0603_1608Metric",140.362800,-102.089999,0.000000,top
"C401","10p","C_0603_1608Metric",113.149999,-153.109998,180.000000,top
"C402","10p","C_0603_1608Metric",113.149999,-158.409998,0.000000,top
"C403","100n","C_0603_1608Metric",121.200000,-167.200000,0.000000,top
"C404","100n","C_0603_1608Metric",113.149997,-151.459999,180.000000,top
"C413","100n","C_0603_1608Metric",89.375000,-152.162500,0.000000,top
"C501","22u","C_1206_3216Metric",58.349999,-97.120000,0.000000,top
"C502","100n","C_0603_1608Metric",125.710000,-164.450000,180.000000,top
"C503","22u","C_1206_3216Metric",58.349999,-94.620000,0.000000,top
"C505","100n","C_0603_1608Metric",62.749999,-97.120000,0.000000,top
"C507","22u","C_1206_3216Metric",61.974998,-105.070000,180.000000,top
"C509","22u","C_1206_3216Metric",56.474998,-105.070000,0.000000,top
"C511","22u","C_1206_3216Metric",61.803014,-119.560642,180.000000,top
"C513","22u","C_1206_3216Metric",56.303014,-119.560642,0.000000,top
"C515","100n","C_0603_1608Metric",61.103014,-121.760642,0.000000,top
"C601","100n","C_0603_1608Metric",79.690000,-97.190000,-90.000000,top
"C602","100n","C_0603_1608Metric",102.430000,-97.390000,-90.000000,top
"C603","100n","C_0603_1608Metric",79.710000,-93.890000,-90.000000,top
"C604","100n","C_0603_1608Metric",102.440000,-93.810000,-90.000000,top
"C703","10u","C_0805_2012Metric",81.084999,-170.700000,180.000000,top
"C705","10u","C_0805_2012Metric",80.959999,-164.600000,180.000000,top
"C731","100n","C_0603_1608Metric",66.000000,-130.150000,90.000000,top
"C732","10n","C_0603_1608Metric",55.990000,-130.625000,90.000000,top
"C733","47u","C_0805_2012Metric",64.560000,-136.079999,90.000000,top
"C734","10u","C_0805_2012Metric",60.370000,-136.079999,90.000000,top
"C735","10u","C_0805_2012Metric",62.470000,-136.079999,90.000000,top
"C736","47u","C_0805_2012Metric",55.000000,-134.000000,0.000000,top
"C737","10u","C_0805_2012Metric",55.000000,-136.000000,0.000000,top
"C738","10u","C_0805_2012Metric",55.000000,-138.000000,0.000000,top
"C739","47u","C_0805_2012Metric",55.250000,-150.500000,0.000000,top
"C740","10u","C_0805_2012Metric",55.250000,-152.500000,0.000000,top
"C741","10u","C_0805_2012Metric",55.250000,-154.500000,0.000000,top
"C742","10n","C_0603_1608Metric",56.320000,-147.495000,90.000000,top
"C743","100n","C_0603_1608Metric",66.220000,-146.960000,90.000000,top
"C744","47u","C_0805_2012Metric",65.020000,-152.850000,90.000000,top
"C745","10u","C_0805_2012Metric",60.820000,-152.850000,90.000000,top
"C746","10u","C_0805_2012Metric",62.920000,-152.850000,90.000000,top
"C747","10u","C_0805_2012Metric",73.670000,-130.080001,-90.000000,top
"C748","10u","C_0805_2012Metric",74.020000,-146.660000,-90.000000,top
"D201","LED","LED_0603_1608Metric",137.492499,-131.910000,180.000000,top
"D202","LED","LED_0603_1608Metric",172.395000,-155.910000,180.000000,top
"D301","LED","LED_0603_1608Metric",135.335000,-96.212499,-90.000000,top
"D302","LED","LED_0603_1608Metric",134.727499,-84.855000,180.000000,top
"D303","LED","LED_0603_1608Metric",166.210000,-96.820000,180.000000,top
"D401","LED","LED_0603_1608Metric",113.500000,-173.250000,90.000000,top
"D402","LED","LED_0603_1608Metric",115.400000,-173.250000,90.000000,top
"D403","LED","LED_0603_1608Metric",102.180000,-80.852499,-90.000000,top
"D404","LED","LED_0603_1608Metric",79.300000,-80.880000,-90.000000,top
"D501","LED","LED_0603_1608Metric",67.162500,-100.970000,0.000000,top
"D702","LED","LED_0603_1608Metric",74.659999,-160.460000,0.000000,top
"D703","LED","LED_0603_1608Metric",55.295000,-128.000000,180.000000,top
"D704","LED","LED_0603_1608Metric",55.472499,-144.880000,180.000000,top
"IC201","NXB0108PWJ","NXB0108PWJ",139.445000,-114.675000,-90.000000,top
"IC202","NXB0108PWJ","NXB0108PWJ",139.470000,-126.710000,-90.000000,top
"IC601","NXB0108PWJ","NXB0108PWJ",85.125000,-95.645000,0.000000,top
"IC602","NXB0108PWJ","NXB0108PWJ",107.955000,-95.585000,0.000000,top
"IC701","AP7179DSKZ20-13","QFN50P350X350X80-21N-D",59.310000,-131.420000,180.000000,top
"IC702","AP7179DSKZ20-13","QFN50P350X350X80-21N-D",59.760000,-148.280000,180.000000,top
"J201","Conn_02x08_Odd_Even","PinHeader_2x08_P2.54mm_Vertical",117.400000,-111.100000,0.000000,top
"J202","Conn_02x08_Odd_Even","PinHeader_2x08_P2.54mm_Vertical",113.590000,-131.445000,-90.000000,top
"J203","Conn_01x02_Pin","PinHeader_1x02_P2.54mm_Vertical",126.949200,-141.020800,0.000000,top
"J204","Conn_02x18_Odd_Even","PinHeader_2x18_P2.54mm_Vertical",170.290000,-109.130000,0.000000,top
"J206","10067847-001RLF","AMPHENOL_10067847-001RLF",146.145400,-169.365200,0.000000,top
"J301","690-005-299-043","EDAC_690-005-299-043",169.630000,-90.110000,90.000000,top
"J401","Conn_01x04_Pin","PinHeader_1x04_P2.54mm_Vertical",101.180000,-142.290800,90.000000,top
"J402","Conn_01x04_Pin","PinHeader_1x04_P2.54mm_Vertical",101.190000,-145.920800,90.000000,top
"J404","690-005-299-043","EDAC_690-005-299-043",93.189998,-169.625000,0.000000,top
"J405","Conn_01x04_Pin","PinHeader_1x04_P2.54mm_Vertical",101.000000,-165.460000,0.000000,top
"J501","PJ-036AH-SMT-TR","CUI_PJ-036AH-SMT-TR",67.800000,-91.133500,-90.000000,top
"J601","Conn_02x08_Odd_Even","PinHeader_2x08_P2.54mm_Vertical",95.810000,-108.560000,90.000000,top
"J603","Conn_02x08_Odd_Even","PinHeader_2x08_P2.54mm_Vertical",92.000000,-128.880000,180.000000,top
"J604","SSW-106-02-T-D-RA","SAMTEC_SSW-106-02-T-D-RA",105.410000,-85.090000,0.000000,top
"J605","SSW-106-02-T-D-RA","SAMTEC_SSW-106-02-T-D-RA",82.550000,-85.090000,0.000000,top
"JP201","Jumper_3_Open","PinHeader_1x03_P2.54mm_Vertical",129.060000,-134.950000,90.000000,top
"JP301","Jumper_3_Open","PinHeader_1x03_P2.54mm_Vertical",139.460000,-105.810000,-90.000000,top
"JP302","Jumper_3_Open","PinHeader_1x03_P2.54mm_Vertical",135.540000,-89.580000,-90.000000,top
"JP303","Jumper_2_Bridged","PinHeader_1x02_P2.54mm_Vertical",162.400000,-94.460000,0.000000,top
"JP501","Jumper_2_Bridged","PinHeader_1x02_P2.54mm_Vertical",57.324997,-108.545000,0.000000,top
"JP502","Jumper_2_Bridged","PinHeader_1x02_P2.54mm_Vertical",61.224998,-108.570000,0.000000,top
"JP601","Jumper_2_Bridged","PinHeader_1x02_P2.54mm_Vertical",117.300000,-103.780000,0.000000,top
"JP602","Jumper_2_Bridged","PinHeader_1x02_P2.54mm_Vertical",121.000000,-103.760000,0.000000,top
"JP702","Jumper_2_Bridged","PinHeader_1x02_P2.54mm_Vertical",67.930000,-136.030000,90.000000,top
"JP703","Jumper_2_Bridged","PinHeader_1x02_P2.54mm_Vertical",68.145000,-152.760000,90.000000,top
"L501","74404032015","WE-LQS_3015",58.974998,-101.570000,-90.000000,top
"R201","10k","R_0603_1608Metric",127.530000,-148.252500,90.000000,top
"R202","10k","R_0603_1608Metric",125.880000,-147.427500,90.000000,top
"R208","10k","R_0603_1608Metric",129.950000,-119.580000,-90.000000,top
"R209","1k","R_0603_1608Metric",161.490000,-102.280000,90.000000,top
"R210","0","R_0603_1608Metric",122.885200,-137.617200,0.000000,top
"R211","0","R_0603_1608Metric",120.570001,-139.859999,-90.000000,top
"R212","0","R_0603_1608Metric",133.170000,-117.550000,0.000000,top
"R213","1k","R_0603_1608Metric",137.570000,-119.860000,0.000000,top
"R214","1k","R_0603_1608Metric",133.025000,-131.385000,0.000000,top
"R215","10k","R_0603_1608Metric",140.920000,-119.870000,0.000000,top
"R216","10k","R_0603_1608Metric",133.015000,-129.795000,180.000000,top
"R217","1k","R_0603_1608Metric",141.290000,-131.900000,180.000000,top
"R218","56k2","R_0603_1608Metric",155.605000,-139.442498,90.000000,top
"R219","56k2","R_0603_1608Metric",136.405000,-139.442498,90.000000,top
"R220","56k2","R_0603_1608Metric",138.090000,-139.445000,90.000000,top
"R221","56k2","R_0603_1608Metric",143.005000,-139.442498,90.000000,top
"R222","56k2","R_0603_1608Metric",150.605000,-139.442498,90.000000,top
"R223","56k2","R_0603_1608Metric",153.005000,-139.442498,90.000000,top
"R224","1k","R_0603_1608Metric",169.125000,-155.890000,0.000000,top
"R301","1k","R_0603_1608Metric",135.335000,-99.714999,-90.000000,top
"R302","10k","R_0603_1608Metric",136.915000,-99.709999,-90.000000,top
"R303","1k","R_0603_1608Metric",131.310000,-84.845000,180.000000,top
"R304","10k","R_0603_1608Metric",131.305000,-86.405000,180.000000,top
"R305","1k","R_0603_1608Metric",170.372500,-96.820000,180.000000,top
"R306","10k","R_0603_1608Metric",146.562800,-101.315000,90.000000,top
"R307","10k","R_0603_1608Metric",148.262800,-100.500000,90.000000,top
"R308","12k","R_0603_1608Metric",154.650000,-89.400000,180.000000,top
"R309","1k","R_0603_1608Metric",154.650000,-84.850000,180.000000,top
"R310","10k","R_0603_1608Metric",143.492800,-95.010000,0.000000,top
"R311","1k","R_0603_1608Metric",146.492800,-95.815000,-90.000000,top
"R312","1k","R_0603_1608Metric",148.092800,-95.815000,90.000000,top
"R401","1k","R_0603_1608Metric",118.600000,-166.400000,-90.000000,top
"R402","10k","R_0603_1608Metric",121.200000,-165.500000,0.000000,top
"R403","10k","R_0603_1608Metric",104.720000,-162.470000,90.000000,top
"R404","1k","R_0603_1608Metric",113.500000,-169.312500,-90.000000,top
"R405","1k","R_0603_1608Metric",115.400000,-169.312500,-90.000000,top
"R406","0","R_0603_1608Metric",104.648000,-137.668000,90.000000,top
"R408","0","R_0603_1608Metric",102.108000,-137.668000,90.000000,top
"R410","0","R_0603_1608Metric",99.550000,-137.670000,90.000000,top
"R412","0","R_0603_1608Metric",97.028000,-137.668000,90.000000,top
"R414","0","R_0603_1608Metric",94.234000,-137.668000,90.000000,top
"R417","0","R_0603_1608Metric",85.598000,-125.095000,0.000000,top
"R419","0","R_0603_1608Metric",85.598000,-122.555000,0.000000,top
"R421","0","R_0603_1608Metric",85.598000,-120.015000,0.000000,top
"R423","0","R_0603_1608Metric",85.598000,-117.475000,0.000000,top
"R424","1k","R_0603_1608Metric",102.180000,-84.035000,90.000000,top
"R425","1k","R_0603_1608Metric",79.280000,-84.095000,90.000000,top
"R501","1k","R_0603_1608Metric",67.150000,-102.570000,180.000000,top
"R502","1k","R_0603_1608Metric",128.050000,-163.650000,90.000000,top
"R503","10k","R_0603_1608Metric",67.149998,-99.320000,180.000000,top
"R504","10k","R_0603_1608Metric",125.720000,-162.900000,180.000000,top
"R505","10k","R_0603_1608Metric",67.150000,-104.170000,180.000000,top
"R507","10k","R_0603_1608Metric",67.145001,-97.680000,180.000000,top
"R510","16m","R_1206_3216Metric",59.210000,-115.560000,90.000000,top
"R601","1k","R_0603_1608Metric",92.030000,-97.705000,-90.000000,top
"R602","1k","R_0603_1608Metric",114.977501,-97.614500,-90.000000,top
"R603","10k","R_0603_1608Metric",90.400000,-97.705000,90.000000,top
"R604","10k","R_0603_1608Metric",113.367500,-97.609500,90.000000,top
"R605","45k","R_0603_1608Metric",67.145000,-96.100000,180.000000,top
"R706","1k","R_0603_1608Metric",70.735000,-160.460000,0.000000,top
"R708","10k","R_0603_1608Metric",54.380000,-130.625000,-90.000000,top
"R709","10k","R_0603_1608Metric",62.730000,-131.730000,90.000000,top
"R710","1k","R_0603_1608Metric",58.395000,-128.030000,180.000000,top
"R711","10k","R_0603_1608Metric",64.330000,-130.140000,90.000000,top
"R712","10k","R_0603_1608Metric",54.720000,-147.485000,-90.000000,top
"R713","1k","R_0603_1608Metric",58.672500,-144.880000,180.000000,top
"R714","10k","R_0603_1608Metric",63.020000,-148.600000,90.000000,top
"R715","10k","R_0603_1608Metric",64.620000,-146.960000,90.000000,top
"R716","10k","R_0603_1608Metric",66.220000,-143.835000,-90.000000,top
"R717","33m","R_1206_3216Metric",73.670000,-134.630000,-90.000000,top
"R718","16m","R_1206_3216Metric",74.020000,-151.360000,-90.000000,top
"RV701","PV36W103C01B00","TRIM_PV36W103C01B00",69.570000,-128.410000,-90.000000,top
"RV702","PV36W103C01B00","TRIM_PV36W103C01B00",69.820000,-145.260000,-90.000000,top
"S201","TL3301TF160QG","SW_TL3301TF160QG",168.317501,-103.700000,180.000000,top
"S401","TL3301TF160QG","SW_TL3301TF160QG",123.150000,-171.350000,180.000000,top
"S501","TL3301TF160QG","SW_TL3301TF160QG",123.490000,-158.770000,0.000000,top
"U201","~","Didactic_QFN-80_EP_12x12_Pitch0.5mm",104.375000,-119.670000,-90.000000,top
"U202","SI5351A-B-GT","MSOP10_SI5351_3X3-0P5_SKY",121.569748,-144.912099,90.000000,top
"U301","USBLC6-2SC6","SOT-23-6",161.742500,-90.500001,180.000000,top
"U302","SN74AVC4T774PWR","SOP65P640X120-16N",131.675000,-98.270000,90.000000,top
"U303","SN74AVC4T774PWR","SOP65P640X120-16N",132.655000,-81.125000,0.000000,top
"U304","FT2232HQ","QFN50P900X900X100-65N",147.475000,-87.600000,180.000000,top
"U305","93LC56BT_SN","SOIC127P600X175-8N",141.962800,-98.590000,180.000000,top
"U401","STM32G431CBT6","LQFP48-7x7mm",103.450000,-155.510000,180.000000,top
"U402","USBLC6-2SC6","SOT-23-6",92.800000,-161.862500,90.000000,top
"U403","INA4180A4IPWR","SOP65P640X120-14N",89.367499,-148.562501,0.000000,top
"U501","TPS564255DRLR","TPS564242DRLR_TEX",62.724998,-99.220765,0.000000,top
"U701","TPS7A4533KTTR","VREG_TPS79625KTTR",73.570000,-167.420000,0.000000,top
"Y201","ECS-250-8-33B-CKM-TR","XTAL_ECS-250-8-33B-CKM-TR",120.920000,-152.359999,180.000000,top
"Y301","ECS-120-8-33-JGN-TR3","XTAL_ECS-120-8-33-JGN-TR3",153.671612,-96.662170,0.000000,top
"Y401","ECS-250-8-33B-CKM-TR","XTAL_ECS-250-8-33B-CKM-TR",113.050000,-155.759998,180.000000,top
